id,email,password_hash,name,dob,gender,country,google_id,created_at,updated_at
1,amanda1@gmail.com,c3cedecd8e697c18142aedc32e05b451441fee5c3a6346fce0cb9fc24472c6d8,Amanda,1995-07-15,Male,Cyprus,,2025-01-05 11:19:25,2025-01-05 11:19:25
2,andrew2@gmail.com,5efd1a51a1c019d9f438b460e0af9f43623221441432c5d5d15cd47cc7fd1cc6,Andrew,2006-11-25,Female,Bangladesh,,2025-01-04 23:33:09,2025-01-04 23:33:09
3,scott3@gmail.com,38c1233568aaae78f2e0b978354d68de42f0bec0b455acb41bf28e93cedc555e,Scott,2006-10-11,Male,Vietnam,3127f1a9-2c01-4258-974e-aa87263cd3e7,2025-01-11 17:02:46,2025-01-11 17:02:46
4,kaylee4@gmail.com,fa2abc0166bdcae87928c392d67b7b6b68562c85346d218a3ba424337fddf261,Kaylee,2002-12-02,Female,Equatorial Guinea,,2025-03-10 09:13:00,2025-03-10 09:13:00
5,andrea5@gmail.com,32a725f9473fdc0fa2453d4ab32c1cf4e9925260d2f78626c6160252473ab4c3,Andrea,2006-10-10,Male,Togo,,2025-03-28 17:33:27,2025-03-28 17:33:27
6,kaitlyn6@gmail.com,255057d9ad9e4e24bb276283d6b4d96102788abf24b12d5efab97a5f5c98b677,Kaitlyn,1997-10-30,Male,Burundi,,2025-01-11 21:05:12,2025-01-11 21:05:12
7,richard7@gmail.com,8943dbebc5b8deab9c4ce3cadaac77b15b890c916cd64e42f3671d1172030255,Richard,1990-03-21,Female,Rwanda,,2025-02-19 22:13:01,2025-02-19 22:13:01
8,david8@gmail.com,87a971d791bfe4f1387a24ef231bbb882f008d49884f6bba54b6ab9a6cbe3a23,David,1987-03-15,Female,Senegal,9fe4d895-b18f-4086-8297-9212382fd1b0,2025-03-11 02:40:07,2025-03-11 02:40:07
9,maria9@gmail.com,8bee97904f532921ac8c42f130a6ff627c57405b9404aed891d4bc173f424e77,Maria,1995-12-29,Male,French Polynesia,,2025-01-06 14:06:00,2025-01-06 14:06:00
10,david10@gmail.com,11b4dbbb68daafa6bde88e17a3a37a7976d6f39aa9a3544f77b13c5d7de8d0cb,David,2000-03-16,Female,British Indian Ocean Territory (Chagos Archipelago),2e770fb4-0000-40ee-903a-99dd043bede4,2025-02-17 02:15:32,2025-02-17 02:15:32
11,michelle11@gmail.com,a6bd70292a007a9ab211dd04c9ddf040219ca3fe59ec528d4112c6809d9bbec5,Michelle,1987-03-06,Female,Argentina,27330079-a7c9-447d-a0ee-422fb2e38927,2025-02-11 16:22:12,2025-02-11 16:22:12
12,kevin12@gmail.com,254a67b16a452badf4cf8d3af77edb7ae25a18b3bfa85a0176efb687aa123282,Kevin,1998-08-01,Female,Sao Tome and Principe,,2025-04-15 19:53:38,2025-04-15 19:53:38
13,tina13@gmail.com,09884e355eac174c0d95ad99817ed00dd4e9ed1570097f5254375353108240fa,Tina,1986-03-03,Male,Tajikistan,,2025-03-30 18:18:35,2025-03-30 18:18:35
14,james14@gmail.com,b1290f16e6e4715f757feb45372117869ad7cbe7110927a90ffe182925d95b6c,James,1996-04-05,Male,Liechtenstein,b2d69b50-a9b0-47c5-94aa-da063f538948,2025-02-18 09:05:21,2025-02-18 09:05:21
15,stephanie15@gmail.com,6b757643255cd1556bc4f263d42f18330a5ef3ae5d0e69b9076b24279f2714f6,Stephanie,1991-10-03,Male,South Africa,,2025-01-25 07:31:50,2025-01-25 07:31:50
16,michelle16@gmail.com,9cdef328ac267b16a47aef684316976a18e25156440da05b85eee93cb75fd78a,Michelle,2006-05-15,Female,Norfolk Island,,2025-03-06 09:24:53,2025-03-06 09:24:53
17,kathleen17@gmail.com,47fe7c91d838fe4145838b585ddd82d04306e480a38721100e83e29821e65bf4,Kathleen,2007-05-06,Male,Algeria,,2025-04-06 08:33:27,2025-04-06 08:33:27
18,lori18@gmail.com,330886b9d3339db5650e7e58bfe62cbea5c51bca43ee15cd382ca562a2dc8600,Lori,2001-05-12,Male,Liechtenstein,70f7f38c-0ebe-493c-b64b-31c4378fc3dd,2025-03-27 16:07:18,2025-03-27 16:07:18
19,charlene19@gmail.com,c0c19679e6a329b0eea60d53e91c181e600280df344c36337f3910578ba2e31f,Charlene,2000-01-18,Female,Cameroon,,2025-02-11 18:10:18,2025-02-11 18:10:18
20,jose20@gmail.com,f4d069206d02fb8d2c8b7dafc13f8fa7da898862ab52150e2df532566e9d468e,Jose,2002-01-01,Male,Korea,,2025-03-18 18:46:55,2025-03-18 18:46:55
21,sydney21@gmail.com,2a0ce0bac918837903b77818073fe4e7b4e78ba16a6260f57efc8fef8c7f4395,Sydney,1999-01-22,Female,Mauritania,1006bdd7-5916-41f0-8257-7b03733d7718,2025-03-28 11:03:50,2025-03-28 11:03:50
22,erica22@gmail.com,acddcae08342209a8aec3f1225601a0fa778f9fcce3caef6832a254ba4e9a3ba,Erica,2004-03-01,Female,Dominica,,2025-03-22 01:15:44,2025-03-22 01:15:44
23,kelly23@gmail.com,f95fe72ae1b5ccb13b9aa9e61a971f163dbb61cb0113ac2fd9a5a0a55b4dc30e,Kelly,1992-07-08,Male,New Caledonia,,2025-05-03 01:37:35,2025-05-03 01:37:35
24,anthony24@gmail.com,1cecba002c6ffddc27bd90caa5e8e8389c5c328edb22149d0e6c90588efaf536,Anthony,1989-06-04,Female,Guadeloupe,,2025-05-07 14:13:20,2025-05-07 14:13:20
25,ricky25@gmail.com,f753ef331bc8a736195c96fe1bc2ee97a6fa809ee99b00b61f759d95c4080c3e,Ricky,1990-08-31,Male,Uganda,,2025-04-08 05:34:13,2025-04-08 05:34:13
26,keith26@gmail.com,67f82a455fd6e562c58459546967f172e4e28877e96a6bdcfbd3de7869177b65,Keith,1995-03-23,Male,Zambia,,2025-04-08 06:11:51,2025-04-08 06:11:51
27,tiffany27@gmail.com,6f6add1629daa53834fe1a1ec2da137399bf2f1e34ee33505e527d48e6c94b66,Tiffany,1995-01-30,Male,Kuwait,,2025-03-25 13:57:34,2025-03-25 13:57:34
28,brianna28@gmail.com,7f5a9e8bd22c66d4eed64ce735e4922960c4b821e499758bd5f9fd7de3d2fa57,Brianna,1984-07-16,Male,Libyan Arab Jamahiriya,,2025-03-16 08:24:43,2025-03-16 08:24:43
29,michele29@gmail.com,d20d32e108f501f5c83efa362f5ee5339efe620ac3f9ac7660209d49f24345d1,Michele,1987-10-02,Female,Andorra,08b3b0bc-ef64-4db6-bde3-bfdf8a0b4f75,2025-03-10 11:06:43,2025-03-10 11:06:43
30,kayla30@gmail.com,e8aa5d0e3e36603bbf1dbf97bfc6cb348ed2c4c06412dea027a70142587ba474,Kayla,1993-01-10,Female,Benin,,2025-02-23 04:24:09,2025-02-23 04:24:09
31,user31@gmail.com,38c1233568aaae78f2e0b978354d68de42f0bec0b455acb41bf28e93cedc555d,Cao Nguyen,2000-10-11,Male,Vietnam,3127f1a9-2c01-4258-974e-aa87263cd3e7,2025-01-11 17:02:46,2025-01-11 17:02:46
32,user32@gmail.com,38c1233568aaae78f2e0b978354d68de42f0bec0b455acb41bf28e93cedc555f,Duc Anh,2016-10-11,Male,Vietnam,3127f1a9-2c01-4258-974e-aa87263cd3e7,2025-01-11 17:02:46,2025-01-11 17:02:46